mean,sd,lcl,median,ucl,Rhat,n.eff,parameter
0.001517438831589,0.000848276253215287,0.00041718374142432,0.00133484516235846,0.00377078775861691,1.1,60,mean.mig
0.000447564594736553,0.000430666523188502,1.20224395857307e-05,0.000325702129990018,0.00158862572019855,1,3277,b.obs.effort
1.9601440599237,0.0374149797608115,1.86017664377582,1.97142183590841,1.99877344821993,1,3162,b.obs.tag
0.365065708124538,0.038710961830246,0.288485723020259,0.364056395289849,0.444366099439545,1.07,54,b.mig.week
