mean,sd,lcl,median,ucl,Rhat,n.eff,parameter
0.958386488749884,0.0664364388866113,0.828274678605442,0.957433292535452,1.09192362414713,1,442,b.rain
-33.7171770812581,1.26285467236879,-36.1793161445479,-33.7152142981035,-31.2365025987374,1,11041,b.age
-0.902842081705862,4.32721541542529,-9.3694579099434,-0.987009350753108,7.75018980508335,1,444,int.rain
13.3181736566425,0.439185643679637,12.4779479711958,13.3083477588312,14.2007643820412,1,23126,sigma.calib
24.9993080864009,0.992965055129491,23.0526030413411,24.9953311519666,26.9556716072173,1,21275,dispersion
