mean,sd,lcl,median,ucl,Rhat,n.eff,parameter
0.397166782248529,0.0478810706666867,0.304689359205245,0.396715182327126,0.49045732322723,1.01,485,b.rain
-18.8360839546277,1.04777743670434,-20.8768647130893,-18.8359906332017,-16.7477462194375,1,10522,b.age
-9.75172832258878,3.51838346965262,-16.5924508225156,-9.78722512685474,-2.95156004236078,1.01,479,int.rain
15.3457123588573,0.431911490453215,14.5156552611013,15.3404698459885,16.2035340851312,1,25129,sigma.calib
25.0090448325498,1.00309625112641,23.0338761248429,25.0096976463988,26.9706355799788,1,21249,dispersion
