foreign.med,foreign.ucl,foreign.lcl,Age
0.658483453539438,0.421893605331566,0.870802713526429,Juvenile
0.579690922771407,0.405246031638079,0.912805425536975,Adult
