mean,sd,lcl,median,ucl,Rhat,n.eff,parameter
0.591130196926382,0.0549783051516065,0.482821728738833,0.590421238871901,0.698795318443505,1.02,482,b.rain
-18.7126412778891,1.27403579390235,-21.1724431650062,-18.7187236255879,-16.2051268075945,1,9364,b.age
5.8783544312263,4.09795018934552,-2.16685953308771,5.83511112663263,13.9360139051386,1.02,474,int.rain
16.3822814786866,0.774093091945158,14.9300990331405,16.3595575275062,17.964700586767,1,17234,sigma.calib
25.000465904241,0.992123700822008,23.0697565948005,24.9915495291975,26.9445237023383,1,21413,dispersion
