mean,sd,lcl,median,ucl,Rhat,n.eff,parameter
0.0013261622167605,0.000687482435260429,0.000277974342934194,0.00122756131600109,0.00294823128346402,1.19,80,mean.mig
-0.252098277913172,0.0575227866285198,-0.372648840088392,-0.249800678529644,-0.145409906637577,1,5957,b.obs.effort
2.45221896644624,0.155360541184935,2.154898682776,2.45315735620545,2.75230306164164,1.01,812,b.obs.tag
0.369097045407671,0.0391508841761273,0.300693437237177,0.365402214626131,0.463365491472414,1.25,58,b.mig.week
