foreign.med,foreign.lcl,foreign.ucl,Age,prior
0.906451407620628,0.499781617519979,0.998301138952267,Juvenile,combined abundance and migration
0.888137959145363,0.436681109886196,0.99807272500914,Adult,combined abundance and migration
