mean,sd,lcl,median,ucl,Rhat,n.eff,parameter
1.16182352361497,0.0746830015689246,1.01447564605881,1.16182085914807,1.31026696629552,1.02,419,b.rain
-28.687570252306,1.59206399381228,-31.8153014187392,-28.6893627779782,-25.5816467274317,1,6190,b.age
3.95534624915434,4.73847655716397,-5.36872134794173,3.94414959409821,13.5196048832023,1.01,423,int.rain
14.4931252033468,0.517103194902563,13.4984826456161,14.4872460732468,15.5366320152037,1,17055,sigma.calib
25.0044960696032,0.996740713013766,23.0351510333769,25.003648611889,26.9456584965078,1,22173,dispersion
