foreign.med,foreign.lcl,foreign.ucl,Age,prior
0.223752382718934,0.0439838206404913,0.550264901696831,Juvenile,only migration
0.213143737993371,0.0364840403267214,0.608482567192476,Adult,only migration
0.906445911108742,0.50326503783932,0.998303884359372,Juvenile,combined abundance and migration
0.888118306121005,0.458290251981689,0.998074180832907,Adult,combined abundance and migration
