mean,sd,lcl,median,ucl,Rhat,n.eff,parameter
0.592393847175965,0.0542955227543213,0.484743436282885,0.593616404552247,0.697312948514025,1.01,462,b.rain
-18.7147347512911,1.27026891176635,-21.1811849508319,-18.7269918266706,-16.1996783412315,1,8776,b.age
5.97871513148928,4.03655339098971,-1.993008864308,6.05259297193329,13.7436201573276,1.01,481,int.rain
16.394468958179,0.77221499902907,14.9369677287732,16.373838814933,17.9702628013555,1,17269,sigma.calib
24.9897725437571,0.997938080320559,23.0357134748006,24.9965843117727,26.9398790422214,1,21310,dispersion
