mean,sd,lcl,median,ucl,Rhat,n.eff,parameter
1.16449044956974,0.0777686126865292,1.01394336552282,1.16396905676261,1.31972112067018,1.01,399,b.rain
-28.7167300864486,1.59119049486743,-31.8060771519102,-28.7292235867963,-25.5811178054966,1,6266,b.age
4.15717037952027,4.94172003624925,-5.3763818726746,4.14163284160169,14.0192949898979,1.01,386,int.rain
14.4909242267952,0.520482131227706,13.4864621450602,14.4812968847929,15.5308641897381,1,16165,sigma.calib
25.0027855598352,0.99328376799677,23.0778962492263,25.0025371463767,26.9510553111449,1,21784,dispersion
