foreign.med,foreign.lcl,foreign.ucl,Age,prior
0.223948364279517,0.0441956813834052,0.5480868486687,Juvenile,only migration
0.211940942395396,0.0362870624320314,0.606234274701326,Adult,only migration
0.907079161063209,0.507805321857757,0.99831390036826,Juvenile,combined abundance and migration
0.886643829094633,0.455519575971493,0.998032893124926,Adult,combined abundance and migration
