mean,sd,lcl,median,ucl,Rhat,n.eff,parameter
1.15660745638347,0.0782269957356261,1.00448693626219,1.15720978737308,1.30781242951503,1.02,382,b.rain
-29.6474843465297,1.57341414698797,-32.6951554611416,-29.649478376179,-26.5429335955522,1,6396,b.age
4.59289277863539,4.97952419612473,-5.04906003328297,4.62288506417918,14.2497864813235,1.02,388,int.rain
14.0347722262736,0.507402412309545,13.063794299855,14.0266300377618,15.0567885627425,1,17657,sigma.calib
24.9940276466532,0.99707314117711,23.0441788707858,24.9901289819158,26.953595920369,1,22919,dispersion
