foreign.med,foreign.lcl,foreign.ucl,Age,prior
0.251124258479421,0.0990520254869882,0.506547483698308,Juvenile,only migration
0.189796259132008,0.0979522382245701,0.597862758145651,Adult,only migration
0.903892944713506,0.571921922897604,0.97477116228386,Juvenile,combined abundance and migration
0.885314513811098,0.508681436591147,0.973644393107686,Adult,combined abundance and migration
