mean,sd,lcl,median,ucl,Rhat,n.eff,parameter
1.02379402738651,0.0663270305097931,0.897367634665292,1.02349037347599,1.15594637967457,1.01,420,b.rain
-27.928102647346,1.33041060495993,-30.5225599791387,-27.9383942845229,-25.3067145352983,1,8640,b.age
-4.72298694750496,4.3015156162567,-13.0931099687607,-4.74838825503843,3.69176453155742,1,421,int.rain
17.4635396302821,0.480737511257841,16.5332020735306,17.4599398644056,18.42284569568,1,21391,sigma.calib
25.0019707793219,1.00775135776882,23.0187204527237,24.9997384229635,26.9758936725464,1,22063,dispersion
