foreign.med,foreign.lcl,foreign.ucl,Age,prior
0.168113201708345,0.024870294214889,0.465859249574581,Juvenile,only migration
0.159649668368134,0.0200838119201031,0.523887416747226,Adult,only migration
0.906451407620628,0.499781617519979,0.998301138952267,Juvenile,combined abundance and migration
0.888137959145363,0.436681109886196,0.99807272500914,Adult,combined abundance and migration
