foreign.med,foreign.ucl,foreign.lcl,Age
0.658236287017233,0.422013135754647,0.870908347820536,Juvenile
0.579640290841139,0.40513956094157,0.913040269104934,Adult
