foreign.med,foreign.lcl,foreign.ucl,Age,prior
0.90654118996752,0.499869382636663,0.998307758465946,Juvenile,combined abundance and migration
0.888148687308458,0.446763360215685,0.998074459866988,Adult,combined abundance and migration
