foreign.med,foreign.lcl,foreign.ucl,Age,prior
0.907520850165126,0.510878055840952,0.998333160355595,Juvenile,combined abundance and migration
0.886759172317442,0.455790504977941,0.998036628016728,Adult,combined abundance and migration
