mean,sd,lcl,median,ucl,Rhat,n.eff,parameter
0.00126620853941847,0.000770241042496947,0.000318255868327639,0.00110748828178378,0.00330012954424105,1.11,26,mean.mig
0.000427050648341045,0.000419836697618269,1.37088598941616e-05,0.000302894287430314,0.00156817721065455,1,1605,b.obs.effort
1.95934519242279,0.0384358144324034,1.85759254343214,1.97062751454403,1.99883252507635,1.02,1586,b.obs.tag
0.378582527100928,0.0413651053410902,0.301588809463002,0.377628586977029,0.462390104070242,1.11,26,b.mig.week
