foreign.med,foreign.lcl,foreign.ucl,Age,prior
0.906509995611209,0.499435495557035,0.998301729907813,Juvenile,combined abundance and migration
0.888104459737981,0.436669679619931,0.998075412950578,Adult,combined abundance and migration
