mean,sd,lcl,median,ucl,Rhat,n.eff,parameter
0.409853109919327,0.0490988843407864,0.314987081958507,0.4083929503308,0.505435328174039,1,466,b.rain
-18.9696117903523,1.05750232490038,-21.0147223365467,-18.9758764490395,-16.8769613714301,1,10116,b.age
-8.67586717385842,3.61623319493307,-15.544201871511,-8.76823438797181,-1.59768812812109,1,478,int.rain
15.2823902136557,0.442430997651929,14.4299809610543,15.2792027988281,16.1672851114784,1,23948,sigma.calib
24.9972765497842,0.993737489435865,23.0537191015334,25.0011469951042,26.9432947634463,1,21358,dispersion
