foreign.med,foreign.lcl,foreign.ucl,Age,prior
0.191946168894187,0.0325090072261497,0.5040298241549,Juvenile,only migration
0.182548799297364,0.0266234197527301,0.56285763241089,Adult,only migration
0.90654118996752,0.499869382636663,0.998307758465946,Juvenile,combined abundance and migration
0.888148687308458,0.446763360215685,0.998074459866988,Adult,combined abundance and migration
