mean,sd,lcl,median,ucl,Rhat,n.eff,parameter
0.590213222805079,0.0544657158652779,0.484349607270522,0.590056526969816,0.696652729181575,1.02,434,b.rain
-18.740178395688,1.26539363825277,-21.1685282434941,-18.7487612308422,-16.2419632919032,1,8868,b.age
5.82958164609767,4.06187866705367,-2.14012552387059,5.82201185047993,13.7287084488582,1.02,450,int.rain
16.4002834790234,0.776334688549319,14.9672421283405,16.3719043427783,18.0122599176196,1,16800,sigma.calib
24.9849657279475,1.00304508497407,23.0261063153407,24.9802440773846,26.9526986004379,1,21346,dispersion
