mean,sd,lcl,median,ucl,Rhat,n.eff,parameter
0.5889096170199,0.0543115041688589,0.483927191798155,0.588375326417537,0.696759677522119,1.02,492,b.rain
-18.7835935538505,1.26311618565619,-21.2496673048007,-18.7812392842327,-16.304021945219,1,9006,b.age
5.75647663478677,4.04042257924928,-2.10681431694315,5.71627379662592,13.68501492401,1.02,489,int.rain
16.3569772683295,0.769704348480734,14.9040670378797,16.337824889174,17.9230820909387,1,17007,sigma.calib
24.9970247956597,1.00656493510035,23.0303653647503,24.9952285432567,26.9709885202062,1,20916,dispersion
