foreign.med,foreign.lcl,foreign.ucl,Age,prior
0.906445911108742,0.50326503783932,0.998303884359372,Juvenile,combined abundance and migration
0.888118306121005,0.458290251981689,0.998074180832907,Adult,combined abundance and migration
